Index,Chinese gloss,English gloss,Standard Zhuang,Donglan Datong,Dahua Yantan,Dahua Liushui,Modern Thai,Modern Thai Phonetics,Swadesh List,动物,植物,人称代词,亲属,动词,形容词,数字,量词,疑问代词,身体部位
1,太阳,sun*,daengngoenz,,tɐŋ⁴² ŋɔn²³¹,cjaŋ⁴² ŋɔn²³¹,ดวงอาทิตย์,duangothit,TRUE,,,,,,,,,,
2,月亮,moon*,ronghndwen,,ɹɔŋ³¹ ʔdɯən⁴²,ɹɔɜŋ²⁴ ʔdɯən⁴²,ดวงจันทร์,duangchan,TRUE,,,,,,,,,,
3,星星,star*,ndaundeiq,,ʔdaːu⁴² ʔdei⁴⁴,ʔdaːu⁴² ʔdi⁴⁴,ดาว,dao,TRUE,,,,,,,,,,
4,天，天空,sky*,mbwn,,ʔbʊn⁴²,ʔbʊn⁴²,ท้องฟ้า,thongfa,TRUE,,,,,,,,,,
5,云朵,cloud*,fwj,,hu⁴⁵³,hu⁵⁵³,เมฆ,mek,TRUE,,,,,,,,,,
6,风,wind*,rumz,,ɹʊm²³¹,ɹʊm²³¹,ลม,lom,TRUE,,,,,,,,,,
7,雨,rain*,fwn,,wʊn⁴²,hʊn⁴²,ฝน,fon,TRUE,,,,,,,,,,
8,雾,fog*,mok,,mɔɜk⁴⁴,mɔ²² lɔ⁴⁴,หมอก,mok,TRUE,,,,,,,,,,
9,雪,snow*,nae,,nɜi⁴²,nɜi⁴²,หิมะ,ima,TRUE,,,,,,,,,,
10,土壤,soil*,namh,,naːm³¹,naːm²⁴,ดิน,din,TRUE,,,,,,,,,,
11,石头,stone*,rin,,hɪn⁴²,ɹɪn⁴²,หิน,in,TRUE,,,,,,,,,,
12,沙,sand (fine)*,sa,,θa⁴²,θa⁴²,ทราย,thrai,TRUE,,,,,,,,,,
13,尘土,dust*,hoi,,fɔɜk⁴⁴,fɔn³⁴⁴,ฝุ่น,fun,TRUE,,,,,,,,,,
14,火,fire*,feiz,,fei²³¹,fi²³¹,ไฟ,fai,TRUE,,,,,,,,,,
15,灰,ash*,daeuh,,tɐu³¹,tɐu²⁴,เถ้า,thao,TRUE,,,,,,,,,,
16,烟,smoke*,,,hɔn²³¹,hɔn²³¹,ควัน,khwan,TRUE,,,,,,,,,,
17,水,water*,raemx,,ɹɐm²⁴,ɹɐm³⁴⁴,น้ำ,nam,TRUE,,,,,,,,,,
18,河,river*,dah,,ta³¹,ta²⁴,แม่น้ำ,maenam,TRUE,,,,,,,,,,
19,湖,lake*,huz,,hu²³¹,laːŋ⁴⁴,ทะเลสาบ,thalesap,TRUE,,,,,,,,,,
20,海,sea*,haij,,haːi⁴⁵³,haːi⁵⁵³,ทะเล,thale,TRUE,,,,,,,,,,
21,土山,mountain (earth),,,ʔdoːi⁴²,ʔdoːi⁴²,เนินเขา,noenkhao,TRUE,,,,,,,,,,
22,石山,mountain (stone)*,,,pja⁴²,pja⁴²,ภูเขาหิน,phukhaoin,TRUE,,,,,,,,,,
23,草,grass*,nywj,,ɹʊm⁴²,ɹʊm⁴²,หญ้า,ya,TRUE,,TRUE,,,,,,,,
24,树,tree*,faex,,fɜi²⁴,fɜi³⁴⁴,ต้นไม้,tanamai,TRUE,,TRUE,,,,,,,,
25,树林,"forest, woods*",ndoeng,,ʔdɔŋ⁴²,ʔdɔŋ⁴²,ป่า,pa,TRUE,,TRUE,,,,,,,,
26,树皮,bark*,naeng,,cjɐm⁴⁴,cjaːm⁴⁴,เปลือกไม้,peluekmai,TRUE,,TRUE,,,,,,,,
27,叶子（小）,leaf*,mbaw,,ʔbəɯ⁴²,ʔbəɯ⁴²,ใบไม้,baimai,TRUE,,TRUE,,,,,,,,
28,根,root*,,,ɹaːk²¹,ɹaːk²⁴,ราก,rak,TRUE,,TRUE,,,,,,,,
29,花,flower*,va,,wa⁴²,wa:⁴²,ดอกไม้,dokmai,TRUE,,TRUE,,,,,,,,
30,种子,seed*,,,ɕɛ³¹,cjɛ²⁴,เมล็ด,melt,TRUE,,TRUE,,,,,,,,
31,水果,fruit*,mak,,maːk⁴⁴,maːk⁵⁵,ผลไม้,phlamai,TRUE,,TRUE,,,,,,,,
32,绳子,string*,,,ɕaːk²¹,ɕaːk²⁴,เชือก,chueak,TRUE,,,,,,,,,,
33,棍子,stick*,,,mɔk³⁴ cjɜn³¹,fɜi³⁴⁴ cjaŋ²⁴,ไม้เท้า,maithao,TRUE,,,,,,,,,,
34,村子,village,mbanj,,ʔbaːn⁴⁵³,ʔbaːn⁵⁵³,หมู่บ้าน,muban,,,,,,,,,,,
35,路,road*,loh,,lɔ³¹,lɔ²⁴,ถนน,thanon,TRUE,,,,,,,,,,
36,稻田,field,,,na²³¹,na²³¹,นา,na,,,,,,,,,,,
37,白天,daytime*,ngoenz,,cjɐŋ⁴² ŋɔn²³¹,cjaŋ⁴² ŋɔn²³¹,กลางวัน,klangwan,,,,,,,,,,,
38,夜,night*,hwnz,,hɐm³¹,hɐm²⁴,กลางคืน,klangkhuen,TRUE,,,,,,,,,,
39,年,year*,bi,,pei⁴²,pi⁴²,ปี,pi,TRUE,,,,,,,,,,
40,水牛,water buffalo*,vaiz,,waːi²³¹,waːi²³¹,ควาย,khwai,,TRUE,,,,,,,,,
41,鸡,chicken*,gaeq,,kɜi⁴⁴,kɜi⁴⁴,ไก่,kai,,TRUE,,,,,,,,,
42,鸟,bird*,,,ɹɔk³⁴,ɹɔk²³,นก,nok,TRUE,TRUE,,,,,,,,,
43,鱼,fish*,bya,,pja⁴²,pja⁴²,ปลา,pla,TRUE,TRUE,,,,,,,,,
44,狗,dog*,ma,,ma⁴²,ma⁴²,หมา,ma,TRUE,TRUE,,,,,,,,,
45,虱子（身上）,louse,,,nɐn²³¹,nɐn²³¹,เหา,hao,TRUE,TRUE,,,,,,,,,
46,蛇,snake*,gvej,,taːŋ³¹,ŋɯ²³¹,งู,ngu,TRUE,TRUE,,,,,,,,,
47,头,head*,hu,,cjɐu⁴²,cjɐu⁵⁵³,หัว,hua,TRUE,,,,,,,,,,TRUE
48,毛,hair*,byoem,,pʊn⁴²,pʊn⁴²,ขน,khon,TRUE,,,,,,,,,,TRUE
49,角,horn*,,,kɐu⁴²,kɐu⁴²,เขา,khao,TRUE,,,,,,,,,,TRUE
50,尾巴,tail*,rieng,,ɹɯəŋ⁴²,ɹɯəŋ⁵⁵³,หาง,ang,TRUE,,,,,,,,,,TRUE
51,皮肤,skin*,naeng,,nɐŋ⁴²,naŋ⁴²,ผิวหนัง,phionang,TRUE,,,,,,,,,,TRUE
52,骨头,bone*,ndok,,ʔdɔːk⁴⁴,ʔdɔɜk⁵⁵,กระดูก,kraduk,TRUE,,,,,,,,,,TRUE
53,血,blood*,lwed,,lɯət²¹,lɯət²⁴,เลือด,lueat,TRUE,,,,,,,,,,TRUE
54,眼睛,eye*,da,,lɯk³⁴ ta⁴²,lɯk²³ ta⁴²,ตา,ta,TRUE,,,,,,,,,,TRUE
55,耳朵,ear*,,,ɹɯ²³¹,ɹɯ²³¹,หู,hu,TRUE,,,,,,,,,,TRUE
56,鼻子,nose*,ndaeng,,ʔdɐŋ⁴²,ʔdaŋ⁴²,จมูก,chamuk,TRUE,,,,,,,,,,TRUE
57,嘴巴,mouth*,,,paːk⁴⁴,paːk⁵⁵,ปาก,pak,TRUE,,,,,,,,,,TRUE
58,牙齿,tooth*,,,hɛːu⁴⁵³,hɛːu⁵⁵³,ฟัน,fan,TRUE,,,,,,,,,,TRUE
59,舌头,tongue*,,,lən²⁴,lɪn³⁴⁴,ลิ้น,lin,TRUE,,,,,,,,,,TRUE
60,脖子,neck*,,,hɔ²³¹,ɣɔ²³¹,คอ,kho,TRUE,,,,,,,,,,TRUE
61,肩膀,shoulder,,,ʔba⁴⁴,ʔba⁴⁴,ไหล่,lai,,,,,,,,,,,TRUE
62,手,hand*,mwz,,fɯŋ²³¹,fɯŋ²³¹,มือ,mue,TRUE,,,,,,,,,,TRUE
63,指甲,fingernail*,,,ɹɪp⁵⁵ fɯŋ²³¹,ɹɪp²³,เล็บ,lep,TRUE,,,,,,,,,,TRUE
64,翅膀,wing*,,,fɯət²¹,fɯət²⁴,ปีก,pik,TRUE,,,,,,,,,,TRUE
65,背,back*,,,pɜi³¹ lɐŋ⁴²,pɜi²⁴ laŋ⁴²,หลัง,lang,TRUE,,,,,,,,,,TRUE
66,胸脯,chest*,,,ʔɐk⁵⁵,ʔak⁵⁵,หน้าอก,nak,,,,,,,,,,,TRUE
67,乳房,breast*,,,ɕi⁴⁵³,nɔŋ⁴⁴,เต้านม,taonm,TRUE,,,,,,,,,,TRUE
68,心脏,heart*,,,θɪm⁴² tɐu²³¹,θɪm⁴² tɐu²³¹,หัวใจ,uachai,TRUE,,,,,,,,,,TRUE
69,肝,liver*,,,tɐp⁵⁵,tɐp⁵⁵,ตับ,tap,TRUE,,,,,,,,,,TRUE
70,肚子,stomach*,,,toŋ²⁴,toŋ³⁴⁴,ท้อง,thong,TRUE,,,,,,,,,,TRUE
71,腿,leg*,,,ka⁴²,ka⁴²,ขา,kha,TRUE,,,,,,,,,,TRUE
72,膝盖,knee*,,,cjɐu⁴⁵³ hɔ⁴⁴,cjɐu⁵⁵³ hɔ⁴⁴,เข่า,khao,TRUE,,,,,,,,,,TRUE
73,脚,foot*,,,tɪn⁴²,tɪn⁴²,เท้า,thao,TRUE,,,,,,,,,,TRUE
74,大米,rice,,,hɐu²⁴,hɐu³⁴⁴,ข้าว,khao,,,TRUE,,,,,,,,
75,秧苗,rice seedling,,,cja⁴⁵³,cja⁵⁵³,ต้นกล้า,tanakla,,,TRUE,,,,,,,,
76,菜（蔬菜）,vegetable,byaek,,pɐk⁵⁵,pjak⁵⁵,ผัก,phak,,,TRUE,,,,,,,,
77,肉,meat*,noh,,nɔ³¹,nɔ²⁴,เนื้อ,nuea,TRUE,,,,,,,,,,
78,油（花生油）,fat*,youz,,jou²³¹,ju²³¹,น้ำมัน,namman,TRUE,,,,,,,,,,
79,蛋,egg*,gyaeq,,cjɜi⁴⁴,cjei⁴⁴,ไข่,khai,TRUE,,,,,,,,,,
80,盐,salt*,gyu,,cju⁴²,cju⁴²,เกลือ,kelue,TRUE,,,,,,,,,,
81,人,person*,boux,,wʊn²³¹,wʊn²³¹,คน,khon,TRUE,,,,,,,,,,
82,男人,man*,bouxsai,,pou³¹ θaːi⁴²,pu²⁴ θaːi⁴²,ผู้ชาย,phuchai,TRUE,,,,,,,,,,
83,女人,woman*,dozyah,,mɛ³¹ ʔbʊk⁵⁵,mɛ²² ʔbʊk⁵⁵,ผู้หญิง,phuying,TRUE,,,,,,,,,,
84,父亲,father*,boh,,ʔei⁴² pɔ³¹,pɔ²⁴,พ่อ,pho,TRUE,,,,TRUE,,,,,,
85,母亲,mother*,ma,,pa²² ma⁴⁴,mɛ²⁴,แม่,mae,TRUE,,,,TRUE,,,,,,
86,孩子,child*,lwg,,lɯk³⁴,lɯk²³ ŋɛ²³¹,เด็ก,dek,TRUE,,,,,,,,,,
87,丈夫,husband*,boh,,kwaːn⁴²,kwaːn⁴²,สามี,sami,TRUE,,,,TRUE,,,,,,
88,妻子,wife*,yah,,pa²³¹,pa²³¹,ภรรยา,phaya,TRUE,,,,TRUE,,,,,,
89,我,"I, me*", me*,,kou⁴²,ku⁴²,ฉัน,chan,TRUE,,,TRUE,,,,,,,
90,你,you*,mwngz,,mɯŋ²³¹,mɯŋ²³¹,คุณ,khun,TRUE,,,TRUE,,,,,,,
91,他/她,he/she*,de,,tɛ⁴²,tɛ⁴²,เขา,khao,TRUE,,,TRUE,,,,,,,
92,我们（不包括听话人）,we (excl.)*,,,tou⁴²,tu⁴²,พวกเรา(ไม่รวมคุณ),phuakrao(mairuamkhun),,,,TRUE,,,,,,,
93,你们,you (pl.)*,dohmwngz,,θou⁴²,θu⁴²,พวกคุณ,phuakkhun,TRUE,,,TRUE,,,,,,,
94,他们/她们,they*,dohde,,pɔŋ⁴² tɛ⁴²,cjɔŋ⁴⁴ tɛ⁴²,พวกเขา,phuakkhao,TRUE,,,TRUE,,,,,,,
95,这里,here*,gizneix,,ki²² nei²⁴,ki²² ni³⁴⁴,ที่นี่,thini,TRUE,,,,,,,,,,
96,那里,there*,,,ki²² tɛ⁴²,ki²³ tɛ⁴²,ที่นั่น,thinan,TRUE,,,,,,,,,,
97,这（个）,this*,neix,,ʔɐn⁴² nei²⁴,ʔdɜn⁴² ni³⁴⁴,นี้,ni,TRUE,,,,,,,,,,
98,那（个）,that*,,,ʔɜn⁴² tɛ⁴²,ʔdɜn⁴² tɛ⁴²,นั้น,nan,TRUE,,,,,,,,,,
99,一,one*,it,,ʔdɛːu⁴²,ʔdɛːu⁴²,หนึ่ง,nueng,TRUE,,,,,,,TRUE,,,
100,二,two*,ngeih,,θɔəŋ⁴²,θɔɜŋ⁴²,สอง,song,TRUE,,,,,,,TRUE,,,
101,三,three*,sam,,θaːm⁴²,θaːm⁴²,สาม,sam,TRUE,,,,,,,TRUE,,,
102,四,four*,,,θei⁴⁴,θi⁴⁴,สี่,si,TRUE,,,,,,,TRUE,,,
103,五,five*,,,ha⁴⁵³,ha⁵⁵³,ห้า,ha,TRUE,,,,,,,TRUE,,,
104,许多,many*,geij,,laːi⁴²,laːi⁴²,มาก,mak,TRUE,,,,,,TRUE,,,,
105,少,few*,,,θiːu⁴⁵³,θiːu⁵⁵³,น้อย,noi,TRUE,,,,,,TRUE,,,,
106,全部,all*,,,tu⁴⁴,tu⁴²,ทั้งหมด,thangmt,TRUE,,,,,,TRUE,,,,
107,一些,some*,,,ti⁴⁴ ʔdɛːu⁴²,ti⁴⁴,บาง,bang,TRUE,,,,,,,,,,
108,大,"big, large*",hung,,laːu²⁴,laːu³⁴⁴,ใหญ่,ain,TRUE,,,,,,TRUE,,,,
109,小,small*,ningq,,ʔei⁴⁴,ȵi⁴⁴,เล็ก,lek,TRUE,,,,,,TRUE,,,,
110,长,long*,raez,,ɹɜi²³¹,ɹɜi²³¹,ยาว,yao,TRUE,,,,,,TRUE,,,,
111,短,short*,dinj,,kɐn⁴⁴,tɪn⁵⁵³,สั้น,san,TRUE,,,,,,TRUE,,,,
112,宽,wide*,,,kwaːŋ⁴⁴,kwaːŋ⁴⁴,กว้าง,kwang,TRUE,,,,,,TRUE,,,,
113,窄,narrow*,,,kɐp³⁴,kɐp²³,แคบ,khaep,TRUE,,,,,,TRUE,,,,
114,厚,thick*,,,na⁴²,na⁴²,หนา,na,TRUE,,,,,,TRUE,,,,
115,薄,thin*,,,ʔbaːŋ⁴²,ʔbaːŋ⁴²,บาง,bang,TRUE,,,,,,TRUE,,,,
116,重,heavy*,,,nɐk⁵⁵,nak⁵⁵,หนัก,nak,TRUE,,,,,,TRUE,,,,
117,轻,light,,,ʔbɐu⁴²,ʔbɐu⁴²,เบา,bao,,,,,,,TRUE,,,,
118,红,red*,,,hɔŋ²³¹,hɔŋ²³¹,แดง,daeng,TRUE,,,,,,TRUE,,,,
119,绿,green*,heu,,lɔk³⁴,lɔk²³,เขียว,khiao,TRUE,,,,,,TRUE,,,,
120,黄,yellow*,lieng,,hɛːn⁴⁵³,hɛːn⁵⁵³,เหลือง,elueng,TRUE,,,,,,TRUE,,,,
121,白,white*,hau,,haːu⁴²,haːu⁴²,ขาว,khao,TRUE,,,,,,TRUE,,,,
122,黑,black*,ndaem,,nɐm⁴²,ʔdɔɜŋ⁴⁴,ดำ,dam,TRUE,,,,,,TRUE,,,,
123,热（天气）,hot (weather)*,,,ʔdaːt⁴⁴,ʔdaːt⁵⁵,ร้อน,ron,,,,,,,TRUE,,,,
124,冷（天气）,cold (weather)*,,,nɪt⁵⁵,nɪt⁵⁵,หนาว,nao,TRUE,,,,,,TRUE,,,,
125,新,new*,moq,,mɔ⁴⁴,mɔ⁴⁴,ใหม่,aim,TRUE,,,,,,TRUE,,,,
126,旧,old (object)*,,,kɐu⁴⁴,kɐu⁴⁴,เก่า,kao,TRUE,,,,,,TRUE,,,,
127,好,good*,,,ʔdei⁴²,ʔdi⁴²,ดี,di,TRUE,,,,,,TRUE,,,,
128,坏,"bad, ruined*",,,waːi³¹,ȵaːu⁴⁴,เสีย,sia,TRUE,,,,,,TRUE,,,,
129,腐烂（果子）,rotten (fruit)*,,,nɐu³¹,joŋ⁵⁵³,เน่า,nao,TRUE,,,,,,TRUE,,,,
130,脏（衣服）,dirty*,,,cjuɔk⁴⁴,cjuɔk⁵⁵,สกปรก,sakaprok,TRUE,,,,,,TRUE,,,,
131,直,straight*,,,θɔ³¹,θɔ²⁴,ตรง,trong,TRUE,,,,,,TRUE,,,,
132,圆,round*,,,ʔduən⁴²,ʔduən⁴²,กลม,klom,TRUE,,,,,,TRUE,,,,
133,满,full*,,,ɹɪm⁴²,jɪm⁴²,เต็ม,tem,TRUE,,,,,,TRUE,,,,
134,锋利,sharp*,,,ɹɜi³¹,ɹɜi²⁴,คม,khom,TRUE,,,,,,TRUE,,,,
135,钝,blunt*,,,mɐt⁵⁵,mot⁵⁵,ทื่อ,thue,TRUE,,,,,,TRUE,,,,
136,滑,"slippery, smooth*",,,ʔwɪn⁴⁵³,ʔɯən⁵⁵³,ลื่น,luen,TRUE,,,,,,TRUE,,,,
137,湿,wet*,,,ʔbɜi⁴⁴,tʊm²³¹,เปียก,piak,TRUE,,,,,,TRUE,,,,
138,干（衣服）,dry*,,,ɹɔ⁴²,ɹɔ⁴²,แห้ง,aeng,TRUE,,,,,,TRUE,,,,
139,对（对了）,"right, correct*",,,toːi⁴⁴,toːi⁴⁴,ถูก,thuk,TRUE,,,,,,TRUE,,,,
140,近,near*,,,cjəɯ⁴⁵³,cjəɯ⁵⁵³,ใกล้,kain,TRUE,,,,,,TRUE,,,,
141,远,far*,,,cjei⁴²,cjei⁴²,ไกล,klai,TRUE,,,,,,TRUE,,,,
142,右（边）,right*,,,kwa²³¹,kwa²³¹,ขวา,khwa,TRUE,,,,,,TRUE,,,,
143,左（边）,left*,,,θɯːi²⁴,θɯei³⁴⁴,ซ้าย,sai,TRUE,,,,,,TRUE,,,,
144,饿,hungry*,,,ʔjɯːk⁴⁴,ʔjɯːk⁵⁵,หิว,hio,,,,,,,TRUE,,,,
145,喝（酒）,to drink*,,,ʔdɐt⁵⁵,ʔdot⁵⁵,ดื่ม,duem,TRUE,,,,,TRUE,,,,,
146,吃,to eat*,gwn,,kɯn⁴²,kɯn⁴²,กิน,kin,TRUE,,,,,TRUE,,,,,
147,咬,to bite*,,,hɐp³⁴,hɐp²³,กัด,kat,TRUE,,,,,TRUE,,,,,
148,吸（吮吸）,to breathe in*,cup heiq,,θʊp⁵⁵,ɕʊp⁵⁵,สูด,sut,,,,,,TRUE,,,,,
149,呼（放气）,to breathe out*,,,ɕoəŋ⁴⁴,ɕɯən⁴²,ผ่อนลม,phonlom,,,,,,TRUE,,,,,
150,吐痰,to spit*,myaiz,,pi⁴²,pi⁴²,ถ่ม,thom,TRUE,,,,,TRUE,,,,,
151,呕吐,to vomit*,,,ɹuɔk²¹,ɹuɔk²⁴,อาเจียน,achian,TRUE,,,,,TRUE,,,,,
152,吹（火）,to blow*,,,pɔ⁴⁴,pɔ⁴⁴,เป่า,pao,TRUE,,,,,TRUE,,,,,
153,笑（大笑）,to laugh*,hu,,jiːu⁴²,jiːu⁴²,หัวเราะ,uaro,TRUE,,,,,TRUE,,,,,
154,看,"to look, see*",,,ʔdɔːm⁴⁴ jiːu⁴⁴,ʔdɔɜm⁴³³ ʔdɔːm³³,ดู,du,TRUE,,,,,TRUE,,,,,
155,听,to hear*,,,tɪŋ⁴⁴,tɪŋ⁴⁴,ได้ยิน,dain,TRUE,,,,,TRUE,,,,,
156,知道,to know*,,,ɹɔ²⁴,ɹɔ³⁴⁴,รู้,ru,TRUE,,,,,TRUE,,,,,
157,想,to think*,,,θɯəŋ⁴⁵³,θɯəŋ⁵⁵³,คิด,khit,TRUE,,,,,TRUE,,,,,
158,闻,to smell*,feihdauh,,ʔdʊm⁴²,mʊp⁵⁵,ดม,dom,TRUE,,,,,TRUE,,,,,
159,怕,to fear*,,,laːu⁴²,laːu⁴²,กลัว,klua,TRUE,,,,,TRUE,,,,,
160,睡觉,to sleep*,ninz,,nən²³¹,nən²³¹,นอน,non,TRUE,,,,,TRUE,,,,,
161,活,to live*,,,lei²⁴,li³⁴⁴,มีชีวิต,michiwit,TRUE,,,,,TRUE,,,,,
162,死,to die*,dai,,taːi⁴²,taːi⁴²,ตาย,tai,TRUE,,,,,TRUE,,,,,
163,杀,to kill*,gaj,,ka⁴⁵³,ka⁵⁵³,ฆ่า,kha,TRUE,,,,,TRUE,,,,,
164,打架,to quarrel*,,,tɔ²¹ ta⁴⁵³,ta⁵⁵³ tɔ²¹,ทะเลาะ,thalo,,,,,,TRUE,,,,,
165,打猎,to hunt,dwk,,tɯk⁵⁵ ȵɜn⁴²,tɯk⁵⁵ ȵɜn⁴²,ล่า,la,TRUE,,,,,TRUE,,,,,
166,打（用拳）,to hit*,,,"mɐp³⁴, tʊp³⁴",tʊp²³,ตี,ti,TRUE,,,,,TRUE,,,,,
167,切（肉）,"to cut, slice*",,,ɹɔən⁴⁴,ɹɔən⁴⁴,หั่น,an,TRUE,,,,,TRUE,,,,,
168,劈开,"to split, chop*",,,paːk²¹,paːk²⁴,ผ่า,pha,TRUE,,,,,TRUE,,,,,
169,扎,"to stab, prick*",,,θɐk⁵⁵,ʔbɔɜŋ⁴⁴,แทง,thaeng,TRUE,,,,,TRUE,,,,,
170,抓（痒）（搔）,to scratch*,,,kɐu⁴²,kɐu⁴²,เกา,kao,TRUE,,,,,TRUE,,,,,
171,挖,to dig*,,,waːt⁴⁴,ʔwaːt⁵⁵,ขุด,khut,TRUE,,,,,TRUE,,,,,
172,游泳,to swim*,,,hou²³¹ ju²³¹,ju²³¹,ว่ายน้ำ,wainam,TRUE,,,,,TRUE,,,,,
173,飞,to fly*,,,ʔbɪn⁴²,ʔbɪn⁴²,บิน,bin,TRUE,,,,,TRUE,,,,,
174,走,"to walk, go*",byaij,,paːi⁴⁵³,pjaːi⁵⁵³,เดิน,doen,TRUE,,,,,TRUE,,,,,
175,来,to come*,daeuj,,tɐu⁴⁵³,tɐu⁵⁵³,มา,ma,TRUE,,,,,TRUE,,,,,
176,躺,to lie*,,,nən²³¹,nən²³¹,นอนราบ,nonrap,TRUE,,,,,TRUE,,,,,
177,坐,to sit*,,,nɐŋ³¹,naŋ²⁴,นั่ง,nang,TRUE,,,,,TRUE,,,,,
178,站,to stand*,,,θɔŋ²³¹,ʔdɯn⁴²,ยืน,yuen,TRUE,,,,,TRUE,,,,,
179,等,to wait*,,,"tɛ⁴⁴, ɕa²³¹",ɕa⁵⁵³,รอ,ro,,,,,,TRUE,,,,,
180,转,to turn (a corner)*,,,ɕɪən⁴⁴,ɕien⁴⁴,เลี้ยว,liao,TRUE,,,,,TRUE,,,,,
181,掉,to drop*,,,tɔk⁵⁵,tɔk⁵⁵,ตก,tok,TRUE,,,,,TRUE,,,,,
182,给,to give*,,,həɯ⁴⁵³,həɯ⁵⁵³,ให้,hai,TRUE,,,,,TRUE,,,,,
183,拿,"to take, hold*",,,təɯ²³¹,tɯ²³¹,ถือ,thue,TRUE,,,,,TRUE,,,,,
184,榨（油）,to squeeze (oil)*,,,naːp⁴⁴,naːp⁵⁵,คั้นน้ำมัน,khannamman,TRUE,,,,,TRUE,,,,,
185,榨（蔗）,to squeeze (juice)*,,,kaːu⁴²,kaːu⁵⁵³,คั้นน้ำอ้อย,khannamoi,TRUE,,,,,TRUE,,,,,
186,擦,wipe*,,,"ɕaːt⁵⁵, ʔuət⁵⁵",ɕaːt⁴³,เช็ด,chet,TRUE,,,,,TRUE,,,,,
187,洗（手，菜）,to wash (hands)*,,,θɯːi⁴⁴,θɯei⁴⁴,ล้าง,lang,TRUE,,,,,TRUE,,,,,
188,洗（衣服）,to wash (clothes),saeg,,θɐk³⁴,θak²³,ซัก,sak,TRUE,,,,,TRUE,,,,,
189,拉（过来）,"to pull, drag*",,,ɹaːk²¹ pɛːŋ⁴⁴,peaŋ⁴³³,ลาก,lak,TRUE,,,,,TRUE,,,,,
190,推,to push*,,,ŋɜi²⁴,"toːi⁴², kɜi³⁴⁴",ผลัก,phlak,TRUE,,,,,TRUE,,,,,
191,投,to throw*,gveng,,vɪt⁵⁵,wɪt⁵⁵,โยน,yon,TRUE,,,,,TRUE,,,,,
192,系,to tie*,,,ɕʊk³⁴,ɕʊk²³,ผูก,phuk,TRUE,,,,,TRUE,,,,,
193,说，讲,to speak*,gangj,,kaːŋ⁴⁵³,kaːŋ⁵⁵³,พูด,phut,TRUE,,,,,TRUE,,,,,
194,唱,to sing*,ciengq,,ɕɯəŋ⁴⁴,ɕɯəŋ⁴⁴,ร้องเพลง,rongphenng,TRUE,,,,,TRUE,,,,,
195,玩,to play*,,,lou²³¹ ɕɐm²³¹,"lou²³¹, ku²¹ ɕɐm²³¹",เล่น,len,TRUE,,,,,TRUE,,,,,
196,浮,to float*,,,fou²³¹,fu²³¹,ลอย,loi,TRUE,,,,,TRUE,,,,,
197,流,to flow*,,,ɹou²³¹,ɹiu²³¹,ไหล,lai,TRUE,,,,,TRUE,,,,,
198,肿,to swell*,,,fɔk³⁴,fɔk²³,บวม,buam,TRUE,,,,,TRUE,,,,,
199,烧,to burn*,,,pɐu⁴²,ɕɔp²³,ไหม้,mai,TRUE,,,,,TRUE,,,,,
200,在,at*,,,jɯ⁴⁴,jɯ⁴⁴,ที่,thi,TRUE,,,,,,,,,,
201,里,in*,,,ʔdəɯ⁴²,ʔdəɯ⁴²,ใน,nai,TRUE,,,,,,,,,,
202,外,out*,,,ɹɔɜk²¹,ɹɔɜk²⁴,นอก,nok,,,,,,,,,,,
203,不,"no, not*",mbouj,,ʔbou⁴⁴,ʔdɯei⁴²,ไม่,mai,TRUE,,,,,,,,,,
204,和,and*,,,haːp²¹,hɔɜp²⁴,และ,lae,TRUE,,,,,,,,,,
205,跟,with*,,,ɹɯəŋ²³¹,tɛːm⁴²,กับ,kap,TRUE,,,,,,,,,,
206,如果,if*,danghnaeuz,,ji²¹ kɔ⁴²,ji²² kɔ⁴²,ถ้า,tha,TRUE,,,,,,,,,,
207,什么,what*,,,tu²¹ ma²³¹,tu²¹ ma²³¹,อะไร,arai,TRUE,,,,,,,,,TRUE,
208,什么时候,when?*,,,pən⁴² ɹəɯ²³¹,θi²³ ɹəɯ²³¹,เมื่อไร,muearai,TRUE,,,,,,,,,TRUE,
209,谁,who*,,,pu²¹ ɹəɯ²³¹,pu²¹ ɹəɯ²³¹,ใคร,khain,TRUE,,,,,,,,,TRUE,
210,哪里,where?,,,ki²¹ ɹəɯ²³¹,ki²¹ ɹəɯ²³¹,ที่ไหน,thinai,TRUE,,,,,,,,,TRUE,
211,怎么,how?*,,,tɐŋ⁴² ɹəɯ²³¹,ku²¹ ɹəɯ²³¹,อย่างไร,yangrai,TRUE,,,,,,,,,TRUE,
212,名字,name*,,,mɪŋ³³ ɕɔ³¹,mɪŋ²³ ɕɔ²⁴,ชื่อ,chue,TRUE,,,,,,,,,,
213,打雷,to thunder,byajraez,,pa⁴⁵³ lɜi²³¹,pja⁵⁵ ɹɜi²³¹,ฟ้าร้อง,farong,,,,,,TRUE,,,,,
214,打闪,to lightning,,,ta⁴⁴ lʊəm⁴²,pja⁵⁵ pjɛːn⁴²,ฟ้าแลบ,falaep,,,,,,TRUE,,,,,
215,彩虹,rainbow,saidoengz,,toŋ²³¹,toŋ²³¹,รุ้งกินน้ำ,rungkinnam,,,,,,,,,,,
216,冰雹,hail,lwgbag,,lɯk³⁴ paːk²¹,lɯk²³ paːk²⁴,ลูกเห็บ,lukhep,,,,,,,,,,,
217,阳光,sunlight,,,ʔdɪt⁵⁵ ʔdaːt⁴⁴,ʔdɪt⁵⁵ ʔdaːt⁵⁵,แสงแดด,saengdaet,,,,,,,,,,,
218,影子（人）,shadow,,,ɹɐm³¹ ŋɐu²³¹,ŋɐu²³¹ ðɐm²¹,เงา,ngao,,,,,,,,,,,
219,早,early,,,ɹɔːm³¹,ɹɔːm²⁴,เช้า,chao,,,,,,,,,,,
220,早晨,morning,daengznaw,,hɐt⁵⁵,hɐt⁵⁵,ตอนเช้า,tonchao,,,,,,,,,,,
221,中午,noon,,,cjɐŋ⁴² ŋɔn²³¹,cɕɜŋ⁵³ ŋɔn²³¹,เที่ยง,thiang,,,,,,,,,,,
222,晚上,evening,daengzgaemh,,hɐm³¹ cjaːŋ⁴²,hɐm²⁴ cɕɜŋ⁵³,ตอนเย็น,tonyen,,,,,,,,,,,
223,日子,day,,,ŋɔn²³¹,ŋɔn²³¹,วัน,wan,TRUE,,,,,,,,,,
224,昨天,yesterday,ngoenzlwenz,,ŋɔn²³ lɯən²³¹,ŋɔn²³ lɯən²³¹,เมื่อวาน,mueawan,,,,,,,,,,,
225,明天,tomorrow,ngoenzbyug,,ŋɔn²³ cjɔɜk³¹,ŋɔn²³ ɕɔɜk²⁴,พรุ่งนี้,phrungni,,,,,,,,,,,
226,泥巴,mud,,,nɜi²³¹ pɔŋ²³¹,pɔŋ²³¹,โคลน,khonn,,,,,,,,,,,
227,石灰,lime,,,hoːi⁴²,hoːi⁴²,ปูนขาว,punkhao,,,,,,,,,,,
228,山洞,cave,,,kaːm⁴⁵³,kaːm⁵⁵³,ถ้ำ,tham,,,,,,,,,,,
229,泉水,spring,,,ʔbɔ⁴⁴,ʔbɔ⁴⁴,น้ำพุ,namphu,,,,,,,,,,,
230,棉花,cotton,faiq,,waːi⁴⁴,waːi⁴⁴,ฝ้าย,fai,,,TRUE,,,,,,,,
231,木棉树,kapok tree,,,fɜi²⁴ lɛːu²⁴,fɜi³² ɹɛːu³⁴⁴,ต้นงิ้ว,tonngio,,,TRUE,,,,,,,,
232,树枝,branch,nga,,"ki⁴⁴, ŋa⁴², ŋei⁴⁴",këi⁴³³,กิ่งไม้,kingmai,,,TRUE,,,,,,,,
233,刺,thorn,oen,,ʔɔn⁴²,ʔɔn⁴²,หนาม,nam,,,TRUE,,,,,,,,
234,柑子,mandarin orange,,,kaːm⁴²,kaːm⁴²,ส้มแมนดาริน,sommaendarin,,,TRUE,,,,,,,,
235,木瓜,papaya,,,mɔk³⁴ kwa⁴²,mɔk²³ kwa⁴²,มะละกอ,malako,,,TRUE,,,,,,,,
236,香蕉,banana,gyoij,,cjoːi⁴⁵³,cjoːi⁵⁵³,กล้วย,kluai,,,TRUE,,,,,,,,
237,甘蔗,sugarcane,,,ʔoːi⁴⁵³,ʔoːi⁵⁵³,อ้อย,oi,,,TRUE,,,,,,,,
238,树菇,tree mushroom,,,ɹɐt⁵⁵,ɹɐt⁵⁵,เห็ดไม้,etmai,,,,,,,,,,,
239,茄子,aubergine,,,cjɛ³¹,kɯ²³¹,มะเขือยาว,makhueayao,,,TRUE,,,,,,,,
240,芥菜,mustard,,,pɐk⁵⁵ kaːt⁴⁴,pjak⁵⁵ kaːt⁵⁵,ผักกาดเขียว,phakkatkhiao,,,TRUE,,,,,,,,
241,竹笋,bamboo shoot,,,ɹaːŋ²³¹,ɹaːŋ²³¹,หน่อไม้,nomai,,,TRUE,,,,,,,,
242,花生,peanut,duhdoem,,tu³¹ naːm³¹,tu²⁴ naːm²⁴,ถั่วลิสง,thualitng,,,TRUE,,,,,,,,
243,豆,bean,,,tu³¹,tu²⁴,ถั่ว,thua,,,TRUE,,,,,,,,
244,猪,pig,mou,,mou⁴²,mu⁴²,หมู,mu,,TRUE,,,,,,,,,
245,羊,goat,yiengz,,joəŋ²³¹,juɔŋ²³¹,แพะ,phae,,TRUE,,,,,,,,,
246,马,horse,max,,ma²⁴,ma³⁴⁴,ม้า,ma,,TRUE,,,,,,,,,
247,牛（黄牛）,ox,,,ɕɯ²³¹,ɕɯ²³¹,วัว,wua,,TRUE,,,,,,,,,
248,老虎,tiger,guk,,kʊk⁵⁵,kʊk⁵⁵,เสือ,suea,,TRUE,,,,,,,,,
249,鹿,deer,maxloeg,,lɔk³⁴ ma³²,lɔk²³,กวาง,kwang,,TRUE,,,,,,,,,
250,猴子,monkey,,,kɐŋ⁴²,kaŋ⁴²,ลิง,ling,,TRUE,,,,,,,,,
251,乌龟,turtle,gvi,,hu⁴⁵³,hu⁵⁵³,เต่า,tao,,TRUE,,,,,,,,,
252,兔子,rabbit,doq,,tu²⁴,ȵɔk²³,กระต่าย,kratai,,TRUE,,,,,,,,,
253,老鼠,rat,nou,,nou⁴²,nu⁴²,หนู,nu,,TRUE,,,,,,,,,
254,大象,elephant,ciengh,,ɕaːŋ²⁴,ɕɯəŋ²⁴,ช้าง,chang,,TRUE,,,,,,,,,
255,鸭子,duck,bit,,pɪt⁵⁵,pɪt⁵⁵,เป็ด,pet,,TRUE,,,,,,,,,
256,鸟窝,bird's nest,,,ɹɔəŋ²³¹,ɹɔŋ²³¹,รังนก,rangnk,,,,,,,,,,,
257,猫,cat,,,mɛːu⁴⁴,mɛːu²³¹,แมว,maeo,,TRUE,,,,,,,,,
258,爪子,claw,,,ȵaːu⁴⁵³,ȵaːu⁵⁵³,กรงเล็บ,kranglep,,,,,,,,,,,TRUE
259,蜻蛙,frog,goep,,kɔp⁵⁵,kɔp⁵⁵,กบ,kop,,TRUE,,,,,,,,,
260,蜥蜴,lizard,duzcoengmax,,koŋ⁴⁴ cja⁴⁴,ɕɛm²² cjɛːm⁴⁴,กิ้งก่า,kingka,,TRUE,,,,,,,,,
261,虫,"insect, bug",,,nɔən⁴²,nɔən²³¹,แมลง,maenng,,TRUE,,,,,,,,,
262,蚊子,mosquito,,,ȵoŋ²³¹,ȵoŋ²³¹,ยุง,yung,,TRUE,,,,,,,,,
263,苍蝇,fly,,,ȵɛːŋ²³ ȵɜn⁴²,nɛːŋ²³¹,แมลงวัน,maenngwan,,TRUE,,,,,,,,,
264,蜜蜂,honeybee,,,ɹuːi⁴²,ɹɯei⁴²,ผึ้ง,phueng,,TRUE,,,,,,,,,
265,蝴蝶,butterfly,mbaj,,ʔba⁴⁵³,ʔba⁵⁵³,ผีเสื้อ,phisuea,,TRUE,,,,,,,,,
266,蚂蚁,ant,moed,,mɐt³⁴,mot²³,มด,mot,,TRUE,,,,,,,,,
267,蜘蛛,spider,,,cjaːu⁴²,cjaːu⁴²,แมงมุม,maengmum,,TRUE,,,,,,,,,
268,跳蚤,flea,maet,,mɐt⁵⁵,mɐt⁵⁵,หมัด,mat,,TRUE,,,,,,,,,
269,白蚁,termite,,,mɐt³⁴ cjʊk⁵⁵,mot²³ cjʊk⁵⁵,ปลวก,pluak,,TRUE,,,,,,,,,
270,蚯蚓,earthworm,,,taːŋ³¹ ʔdɯən⁴²,ŋɯ²⁴,ไส้เดือน,saiduean,,TRUE,,,,,,,,,
271,蚂蟥,leech,,,pɪŋ⁴²,pɪŋ⁴²,ปลิง,pling,,TRUE,,,,,,,,,
272,螺蛳,snail,,,θɜi⁴²,θɜi⁴²,หอยทาก,hoithak,,TRUE,,,,,,,,,
273,鬼,ghost,,,faːŋ²³¹,faːŋ²³¹,ผี,phi,,,,,,,,,,,
274,身体,body,ndang,,ʔdaːŋ⁴²,ʔdaːŋ⁴²,ร่างกาย,rangkai,,,,,,,,,,,TRUE
275,额头,forehead,,,ȵɐk³⁴ ɕɪn²³¹,na³³ pjaːk⁵⁵,หน้าผาก,naphak,,,,,,,,,,,TRUE
276,脸,face,,,na⁴⁵³,na⁵⁵³,หน้า,na,,,,,,,,,,,TRUE
277,齿龈,gums,,,hɯk⁵⁵ hɛːu⁴⁵³,hɯk⁵⁵,เหงือก,enguek,,,,,,,,,,,TRUE
278,下巴,chin,,,haːŋ²³ kaːu⁴⁴,haːŋ²³¹,คาง,khang,,,,,,,,,,,TRUE
279,胡子,beard,,,mɔm³¹,mɔm²⁴,เครา,khera,,,,,,,,,,,TRUE
280,腋下,armpit,,,la⁴⁵³ ʔei⁴⁴,la⁴⁴ ʔi⁴⁴,รักแร้,rakrae,,,,,,,,,,,TRUE
281,肘,elbow,,,kɛːn⁴² ɕɯːk²¹,kɛːn⁴² ɕuɔk²⁴,ข้อศอก,khosok,,,,,,,,,,,TRUE
282,手掌,palm,,,wa⁴²fɯŋ²³¹,ʔaːi⁴² fɯŋ²³¹,ฝ่ามือ,famue,,,,,,,,,,,TRUE
283,手指,finger,lwgfwngz,,lɯk³⁴ fɯŋ²³¹,lɯk²³ fɯŋ²³¹,นิ้วมือ,niomue,,,,,,,,,,,TRUE
284,脚跟,heel,,,tɪn⁴² cjiːu⁴⁵³,tɪn⁴² cjiːu⁵⁵³,ส้นเท้า,sanathao,,,,,,,,,,,TRUE
285,肺脏,lungs,,,pʊt⁵⁵,pʊt⁵⁵,ปอด,pot,,,,,,,,,,,TRUE
286,脑子,brain,uk,,ʔʊk⁵⁵,ʔʊk⁵⁵,สมอง,samong,,,,,,,,,,,TRUE
287,肚脐,navel,,,θei⁴⁴ ʔdɯ⁴²,θɜi⁴⁴ ʔdɯ⁴²,สะดือ,sadue,,,,,,,,,,,TRUE
288,屁股,buttocks,caekhaex,,kɔm⁴⁴,ɕak²³ kʊm⁴⁴,ก้น,kon,,,,,,,,,,,TRUE
289,肠子,intestines,,,θɜi⁴⁵³,θɜi⁵⁵³,ลำไส้,lamsai,TRUE,,,,,,,,,,TRUE
290,汗,sweat,,,haːn³¹,haːn²⁴,เหงื่อ,engue,,,,,,,,,,,
291,口水,saliva,myaiz,,maːi²³¹,naːi²³¹,น้ำลาย,namlai,,,,,,,,,,,
292,脓,pus,,,nɔɜŋ⁴²,nɔɜŋ⁴²,หนอง,nong,,,,,,,,,,,
293,粪（做肥料）,manure,,,pʊn³¹,pʊn²⁴,ปุ๋ยคอก,puikhok,,,,,,,,,,,
294,屎（牛屎）,excrement,,,hɜi²⁴,hɜi²⁴,อุจจาระ,utchara,,,,,,,,,,,
295,尿,urine,nyouh,,ȵou³¹,ȵu²⁴,ปัสสาวะ,patsao,,,,,,,,,,,
296,病,ill,,,pɪŋ³¹,pɪŋ²⁴,ป่วย,puai,,,,,,,TRUE,,,,
297,咳嗽,cough,ae,,ŋaːp²¹,ʔɜi⁴²,ไอ,ai,,,,,,,,,,,
298,药,medicine,,,jɯ⁴²,jɯ⁴²,ยา,ya,,,,,,,,,,,
299,痒,itch,,,hʊm²³¹,hʊm²³¹,คัน,khan,,,,,,,TRUE,,,,
300,瞎,blind,mengz,,mɛːŋ²³¹,mɛːŋ²³¹,ตาบอด,tabot,,,,,,,TRUE,,,,
301,聋,deaf,nuk,,nʊk⁵⁵,nʊk⁵⁵,หูหนวก,unuak,,,,,,,TRUE,,,,
302,蒜,garlic,ho,,hɔ³¹,hɔ⁴²,กระเทียม,krathiam,,,TRUE,,,,,,,,
303,姜,ginger,hing,,hɪŋ⁴²,hɪŋ⁴²,ขิง,khing,,,TRUE,,,,,,,,
304,糖,sugar,dangz,,tɯəŋ²³¹,tɯəŋ²³¹,น้ำตาล,namtan,,,,,,,,,,,
305,饭,(cooked) rice,,,ŋaːi²³¹,ŋaːi²³¹,ข้าวสวย,khaosuai,,,TRUE,,,,,,,,
306,糯米,glutinous rice,haeuxcid,,hɐu²⁴ ɕɪt³⁴,hɐu³² naŋ⁴²,ข้าวเหนียว,khaoheni,,,TRUE,,,,,,,,
307,肥肉,fat (meat),,,nɔ³¹ pei³¹,nɔ²⁴ pi²³¹,มันหมู,manmu,,,,,,,,,,,
308,酒,"spirits, alcohol",,,lɐu⁴⁵³,lɐu⁵⁵³,เหล้า,ela,,,,,,,,,,,
309,炭,charcoal,,,taːn⁴⁴,taːn⁴⁴,ถ่าน,than,,,,,,,,,,,
310,柴火,firewood,,,fʊn²³¹,fʊn²³¹,ฟืน,fuen,,,,,,,,,,,
311,火柴,matches,,,haːp²¹ fei²³¹,haːp²⁴ fi²³¹,ไม้ขีดไฟ,makhaitfai,,,,,,,,,,,
312,铁,iron,,,tiət⁴⁴,tiət⁵⁵,เหล็ก,elk,,,,,,,,,,,
313,金子,gold,gim,,cjɪm⁴²,kɪm⁴²,ทอง,thong,,,,,,,,,,,
314,银子,silver,ngaenz,,ŋɐn²³¹,ŋɐn²³¹,เงิน,ngoen,,,,,,,,,,,
315,藤子,rattan,,,kɐu⁴²,kɐu⁴²,หวาย,wai,,,TRUE,,,,,,,,
316,板（木板）,board,,,pɛːn³¹,pɛːn²⁴,แผ่นไม้,phaenmai,,,,,,,,,,,
317,锅（炒菜锅）,wok,,,ɕaːu⁴⁴,ɕaːu⁴⁴,กระทะ,kratha,,,,,,,,,,,
318,舀子,ladle,,,ɹɔk⁵⁵ ʔwaːt²¹,ɹɔɜk⁵⁵ waːt²⁴,กระบวย,krabuai,,,,,,,,,,,
319,舀,to ladle,,,θiək²¹,tak⁵⁵,ตัก,tak,,,,,,TRUE,,,,,
320,臼,mortar,,,ɹʊm⁴²,ɹʊm⁴²,ครก,khrok,,,,,,,,,,,
321,杵,pestle,,,toːi⁴⁴,jɯ⁴² θaːk⁵⁵,สาก,sak,,,,,,,,,,,
322,刀,knife,cax,,cja²⁴,ɕa³⁴⁴,มีด,mit,,,,,,,,,,,
323,剃刀,razor,,,tɜi⁴⁴,tɜi⁴⁴,มีดโกน,mitkon,,,,,,,,,,,
324,枪,gun,,,ɕoŋ⁴⁴,ɕoŋ⁴⁴,ปืน,puen,,,,,,,,,,,
325,弓,bow,,,koŋ⁴²,koŋ⁴²,คันธนู,khantnu,,,,,,,,,,,
326,箭,arrow,,,na⁴⁴,na⁴⁴,ลูกธนู,luktnu,,,,,,,,,,,
327,矛,"lance, spear",,,mɐu³¹,lɛːu⁴²,หอก,ok,,,,,,,,,,,
328,梳子,comb,,,ɹoːi⁴²,ɹoːi⁴²,หวี,wi,,,,,,,,,,,
329,针,needle,,,ɕɪm⁴²,ɕɪm⁴²,เข็ม,khem,,,,,,,,,,,
330,房子,house,ranz,,ɹaːn²³¹,ɹaːn²³¹,บ้าน,ban,,,,,,,,,,,
331,屋顶,roof,,,nɪŋ⁴² ɹaːn²³¹,ʔdən⁴² ɹaːn²³¹,หลังคา,langkha,,,,,,,,,,,
332,墙,wall,,,ɕɯəŋ²³¹,ɕɯəŋ²³¹,กำแพง,kamphaeng,,,,,,,,,,,
333,门,"door, gate",,,tou⁴²,tu⁴²,ประตู,pratu,,,,,,,,,,,
334,坑,pit,,,kʊm²³¹,kʊm²³¹,หลุม,lum,,,,,,,,,,,
335,水井,well,,,ɕɪŋ⁴⁵³,ɕɪŋ⁵⁵³,บ่อน้ำ,bonam,,,,,,,,,,,
336,衣服,clothes,buh,,pu³¹,pu²⁴,เสื้อผ้า,sueapha,,,,,,,,,,,
337,布,cloth,,,pɐŋ²³¹,paŋ²³¹,ผ้า,pha,,,,,,,,,,,
338,帽子,hat,,,maːu³¹,maːu²⁴,หมวก,muak,,,,,,,,,,,
339,裤子,trousers,,,wa⁴⁴,wa⁴⁴,กางเกง,kangkeng,,,,,,,,,,,
340,带子,belt,,,ɕaːk²¹ hɯət⁴⁴,ɕaːk²⁴ hɯət⁵⁵,เข็มขัด,khemkhat,,,,,,,,,,,
341,鞋子,shoes,,,haːi²³¹,haːi²³¹,รองเท้า,rongthao,,,,,,,,,,,
342,袜子,socks,,,maːt²¹,maːt²⁴,ถุงเท้า,thungthao,,,,,,,,,,,
343,戒指,ring,,,kaːi²⁴ ɕi⁴²,cɕɪp⁵⁵ fɯŋ²³¹,แหวน,aeon,,,,,,,,,,,
344,席子,mat,,,ʔbɪn⁴⁵³,ʔbɪn⁵⁵³,เสื่อ,suea,,,,,,,,,,,
345,被子,quilt,,,mɔk³⁴,mɔk²³,ผ้าห่ม,pham,,,,,,,,,,,
346,枕头,pillow,swiz,,θɯːi²³¹,θɯei²³¹,หมอน,mon,,,,,,,,,,,
347,蜡烛,candle,lab,,laːp²¹,laːp²⁴,เทียน,thian,,,,,,,,,,,
348,纸,paper,ceij,,ɕei³¹,ɕi⁵⁵³,กระดาษ,kradat,,,,,,,,,,,
349,鼓,drum,,,cjɔəŋ⁴²,cjɔŋ⁴²,กลอง,klong,,,,,,,,,,,
350,锣,gong,,,la²³¹,la²³¹,ฆ้อง,khong,,,,,,,,,,,
351,船,boat,ruz,,ɹu²³¹,ɹu²³¹,เรือ,ruea,,,,,,,,,,,
352,轭,yoke,,,ʔɛək⁴⁴,ʔɛːk⁵⁵,แอก,aek,,,,,,,,,,,
353,女孩,young girl,,,lɯk³⁴ θaːu⁴²,lɯk²³ θaːu⁴²,เด็กผู้หญิง,dekphuying,,,,,,,,,,,
354,男孩,young man,,,pu²² ɕɔ²³¹,lɯk²³ ʔbaːu⁴⁴,เด็กผู้ชาย,dekphuchai,,,,,,,,,,,
355,哥哥,elder brother,,,kɔ⁴⁴,tak²³ pi³⁴⁴,พี่ชาย,phichai,,,,,TRUE,,,,,,
356,姐姐,elder sister,,,ɕɛ³¹,ta²⁴ ɕɛ⁵⁵³,พี่สาว,phisao,,,,,TRUE,,,,,,
357,弟兄姐妹,siblings,,,pi²² noəŋ²⁴,pi³² nuɔŋ³⁴⁴,พี่น้อง,phinong,,,,,TRUE,,,,,,
358,弟弟,younger brother,,,noəŋ²⁴,tak²³ nuɔŋ³⁴⁴,น้องชาย,nongchai,,,,,TRUE,,,,,,
359,妹妹,younger sister,,,mɜi²⁴,ta²⁴ nuɔŋ³⁴⁴,น้องสาว,nongsao,,,,,TRUE,,,,,,
360,弟妹,younger sibling,,,noəŋ²⁴,nuɔŋ²⁴,น้อง,nong,,,,,TRUE,,,,,,
361,姨母（妈的姐）,aunt,,,me²¹ pa⁴⁵³,mɛ²³ pa⁴²,ป้า,pa,,,,,TRUE,,,,,,
362,姨妈（妈的妹）,aunt’s younger sis,,,mɛ²³ na³⁴⁴,me³² na²¹⁴,น้า,na,,,,,TRUE,,,,,,
363,女婿,nephew,,,lɯk³⁴ kɯːi²³¹,lɯk²³ kɯei²³¹,ลูกเขย,lukkhoei,,,,,TRUE,,,,,,
364,朋友,friend,,,pɐŋ²³ jou⁴²,paŋ²² jou²⁴,เพื่อน,phuean,,,,,,,,,,,
365,寡妇,widow,,,me²¹ maːi⁴⁴,me²⁴ maːi⁴⁴,แม่ม่าย,maemai,,,,,,,,,,,
366,主人,master,,,pou²¹ ɕəɯ⁴⁵³,pu³⁴⁴ ɕɯ⁵⁵³,นาย,nai,,,,,,,,,,,
367,客人,guest,bouxhek,,hɛək⁴⁴,hɛːk⁵⁵,แขก,khaek,,,,,,,,,,,
368,别人,other people,,,"ʔɜi⁴² wʊn²³¹, pou²⁴ ʔən⁴⁴",pu³⁴⁴ ʔɯn⁴⁴,คนอื่น,khanon,,,,,,,,,,,
369,姓,surname,,,θɪŋ⁴⁴,θɪŋ⁴⁴,นามสกุล,namtkun,,,,,,,,,,,
370,他（有孩）,he (with kids),,,pɔ²¹ tɛ⁴²,-,เขา,khao,,,,TRUE,,,,,,,
371,他（没孩）,he (without kids),,,ɹoːi³¹ tɛ⁴²,-,เขา,khao,,,,TRUE,,,,,,,
372,她（有孩）,she (with kids),,,mɛ³¹ tɛ⁴²,-,เธอ,thoe,,,,TRUE,,,,,,,
373,她（没孩）,she (without kids),,,ta³¹ tɛ⁴²,-,เธอ,thoe,,,,TRUE,,,,,,,
374,我们,we (incl.),raeuz,,ɹɐu²³¹,ɹɐu²³¹,พวกเรา(รวมคุณ),phuakrao(ruamkhun),,,,TRUE,,,,,,,
375,六,six,loeg,,ɹɔk⁵⁵,ɹɔk⁵⁵,หก,ok,,,,,,,,TRUE,,,
376,七,seven,caet,,ɕɐt⁵⁵,ɕɜt⁵⁵,เจ็ด,chet,,,,,,,,TRUE,,,
377,八,eight,bet,,pɛət⁴⁴,pɛːt⁵⁵,แปด,paet,,,,,,,,TRUE,,,
378,九,nine,gouj,,cjou⁴⁵³,cju⁵⁵³,เก้า,kao,,,,,,,,TRUE,,,
379,十,ten,cib,,ɕɪp³⁴,ɕɪp²³,สิบ,sip,,,,,,,,TRUE,,,
380,一（十一）,one (in eleven),,,ʔɪt⁵⁵,ʔɪt⁵⁵,เอ็ด,et,,,,,,,,TRUE,,,
381,二（二十）,two (in twenty),,,ŋei³¹,ŋi²⁴,ยี่,yi,,,,,,,,TRUE,,,
382,两（+量词）,two (+ classifier),,,θɔəŋ⁴²,θɔɜŋ⁴²,สอง,song,,,,,,,,TRUE,TRUE,,
383,百,hundred,baek,,paːk⁴⁴,paːk⁵⁵,ร้อย,roi,,,,,,,,TRUE,,,
384,千,thousand,,,ɕɪən⁴²,ɕien⁴²,พัน,phan,,,,,,,,TRUE,,,
385,半（一半）,half,,,pʊn⁴⁴,** ʔbɯəŋ⁴⁴,ครึ่ง,khrueng,,,,,,,,TRUE,,,
386,老,old (person),laux,,kɛ⁴⁴,kɛ⁴⁴,แก่,kae,TRUE,,,,,,TRUE,,,,
387,年轻,young,,,ɕɔ²³¹,ʔoːi⁴⁴,หนุ่มสาว,numsao,,,,,,,TRUE,,,,
388,高,tall,sang,,θaːŋ⁴²,θaːŋ⁴²,สูง,sung,,,,,,,TRUE,,,,
389,矮,"short, low",daemq,,tɐm⁴⁴,tɐm⁴⁴,เตี้ย,tia,,,,,,,TRUE,,,,
390,胖,fat,,,pei²³¹,pi²³¹,อ้วน,uan,,,,,,,TRUE,,,,
391,瘦,thin (body),mbang,,ɹɔ²³¹,ɹɔ²³¹,ผอม,phom,,,,,,,TRUE,,,,
392,瘦弱,weak,,,"ɹɔ²³¹ naːi⁴⁴, ȵɔːm⁴⁴",ȵɔɜm⁴³³,อ่อนแอ,onae,,,,,,,TRUE,,,,
393,粗,thick (rope),gwd,,mɐŋ⁴²,laːu³⁴⁴,หนา,na,,,,,,,TRUE,,,,
394,细,thin,,,nuən²³¹,ȵi⁴⁴,บาง,bang,TRUE,,,,,,TRUE,,,,
395,扁,flat,,,pɛːn⁴⁵³,ʔbɛːn⁴²,แบน,baen,,,,,,,TRUE,,,,
396,硬,hard,,,ʔdɔɜŋ⁴⁵³,ʔdaːŋ⁵⁵³,แข็ง,khaeng,,,,,,,TRUE,,,,
397,软,soft,,,ŋʊn⁴⁴,ʔʊn⁴⁴,นุ่ม,num,,,,,,,TRUE,,,,
398,深（水）,deep (water),,,lɐk³⁴,lak²³,ลึก,luek,,,,,,,TRUE,,,,
399,浅（水）,shallow (water),,,ɕɪən⁴⁵³,fɛːu²⁴,ตื้น,tuen,,,,,,,TRUE,,,,
400,凉快,cool,,,liəŋ²³¹,lɪːŋ²³¹,เย็นสบาย,yentbai,,,,,,,TRUE,,,,
401,暖和,warm,,,ɹɐu⁴⁵³,ɹɐu⁵⁵³,อุ่น,un,TRUE,,,,,,TRUE,,,,
402,热（水）,hot (water),ndat,,ʔdaːt⁴⁴,ʔdaːt⁵⁵,ร้อน,ron,,,,,,,TRUE,,,,
403,累,tired,,,fɯəŋ²⁴,"fɯəŋ³⁴⁴, laːŋ³⁴⁴",เหนื่อย,enue,,,,,,,TRUE,,,,
404,醉了,drunk,,,fei²³¹,fi²³¹,เมา,mao,,,,,,,TRUE,,,,
405,生气,angry,,,fɐt³⁴ hei⁴⁴,faːt³³ hi⁴⁴,โกรธ,kont,,,,,,,TRUE,,,,
406,闷/无聊,bored,,,ʔbɯ⁴⁴,ʔbɯ⁴⁴,เบื่อ,buea,,,,,,,TRUE,,,,
407,裸体,naked,,,kɐŋ²² kaːu⁴²,kaŋ²² jaːŋ⁴⁴,เปลือย,pelue,,,,,,,TRUE,,,,
408,空（都不装）,empty,,,hɔŋ⁴⁴,hɔŋ⁴⁴,ว่างเปล่า,wangpela,,,,,,,TRUE,,,,
409,亮,bright,,,ɹɔəŋ³¹,ɹɔŋ²⁴,สว่าง,swang,,,,,,,TRUE,,,,
410,干净,clean,,,θɛːu⁴⁴,θɛːu⁴⁴,สะอาด,saat,,,,,,,TRUE,,,,
411,蓝,blue,,,hɛːu⁴²,hɛːu⁴²,น้ำเงิน,namngoen,,,,,,,TRUE,,,,
412,难,difficult,,,naːn³¹,naːn²³¹,ยาก,yak,,,,,,,TRUE,,,,
413,容易,easy,,,ŋaːi³¹,ŋaːi²⁴,ง่าย,ngai,,,,,,,TRUE,,,,
414,错（错了）,wrong,,,lɔk⁵⁵,lɔk⁵⁵,ผิด,phit,,,,,,,TRUE,,,,
415,快,fast,,,ɹou²³¹,ɹiu²³¹,เร็ว,reo,,,,,,,TRUE,,,,
416,慢,slow,menh,,"nʊm⁴⁴, mɛːn³¹",mɛːn²⁴,ช้า,cha,,,,,,,TRUE,,,,
417,曲，弯曲,crooked,,,ŋʊt⁵⁵ ŋɛːu⁴²,"ŋɔːm⁴², kɔ²³¹",คด,khot,,,,,,,TRUE,,,,
418,朽（腐朽）,rotten (wood),,,ʔdʊk⁵⁵,ʔdʊk⁵⁵,ผุ,phu,TRUE,,,,,,TRUE,,,,
419,松（土很松）,loose,,,ʔbɔŋ⁴² jɔŋ⁴²,ʔbɔŋ⁵³,ร่วน,ruan,,,,,,,TRUE,,,,
420,松（捆得松）,slack,,,θɔŋ⁴²,θɔŋ⁴²,หลวม,luam,,,,,,,TRUE,,,,
421,紧（捆得紧）,tight (tied),,,ʔdɐt⁵⁵,ʔdɐt⁵⁵,แน่น,naen,,,,,,,TRUE,,,,
422,辣,"hot, spicy",,,maːn³¹,maːn²⁴,เผ็ด,phet,,,,,,,TRUE,,,,
423,甜,sweet,,,"waːn⁴² tiəm²³¹, waːn⁴²",tiəm²³¹,หวาน,wan,,,,,,,TRUE,,,,
424,酸,sour,,,θɐm⁴⁵³,θɔm⁴²,เปรี้ยว,peri,,,,,,,TRUE,,,,
425,咸,salty,,,hɐm²³¹,"haːm²³¹, daŋ⁴⁴",เค็ม,khem,,,,,,,TRUE,,,,
426,苦,bitter,,,hɐm²³¹,hɐm²³¹,ขม,khom,,,,,,,TRUE,,,,
427,生（肉）,raw (meat),,,ʔdɪp⁵⁵,ʔdɪp⁵⁵,ดิบ,dip,,,,,,,TRUE,,,,
428,熟,ripe,henj,,ɕʊk³⁴,ɕʊk²³,สุก,suk,,,,,,,TRUE,,,,
429,恶心（想吐）,nauseating,,,ʔbʊk³⁴ ʔbɯən⁴²,ʔbɔk²³ ʔbɯən⁴²,คลื่นไส้,khluensai,,,,,,,TRUE,,,,
430,饱,"full, satiated",imq,,ʔɪm⁴⁴,ʔɪm⁴⁴,อิ่ม,im,TRUE,,,,,,TRUE,,,,
431,嚼,to chew (back teeth),,,ȵaːi⁴⁵³,ȵaːi⁵⁵³,เคี้ยว,khiao,,,,,,TRUE,,,,,
432,舔,to lick,riz,,ɹi²³¹,ɹi²³¹,เลีย,lia,,,,,,TRUE,,,,,
433,咽,to swallow (bit by bit),,,ʔdɯn⁴⁵³,ʔdɯn⁵⁵³,กลืน,kluen,,,,,,TRUE,,,,,
434,亲嘴,to kiss,,,ɕʊp⁵⁵,ɕʊp⁵⁵,จูบ,chup,,,,,,TRUE,,,,,
435,打哈欠,to yawn,,,ha⁴⁴ ɹʊm²³¹,ha⁴⁴ ɹʊm²³¹,หาว,hao,,,,,,TRUE,,,,,
436,打鼾,to snore,,,cjɐn⁴²,ɕɯən⁴²,กรน,kron,,,,,,TRUE,,,,,
437,打喷嚏,to sneeze,,,ʔɐk⁵⁵ θui⁴²,hat⁵⁵ ɕuːi⁴²,จาม,cham,,,,,,TRUE,,,,,
438,喊,to shout (not at others),heuh,,"hɛːu³¹, hɛːm⁴⁴",hɛːm⁴⁴,ตะโกน,takon,,,,,,TRUE,,,,,
439,骂,to scold,,,"vɛət⁴⁴ ʔda⁴⁴, wɛːt⁵⁵",ʋeat⁴³,ด่า,da,,,,,,TRUE,,,,,
440,哭,to cry,heuh,,tɜi⁴⁵³,tɛ⁵⁵³,ร้องไห้,ronghai,,,,,,TRUE,,,,,
441,告诉,to tell,gauq,,lən³¹,lɯn²⁴,บอก,bok,,,,,,TRUE,,,,,
442,张开（嘴）,to open (mouth),,,ʔa⁴⁵³ haːi⁴²,ʔa³⁴¹ hɜi⁵³,อ้าปาก,apak,,,,,,TRUE,,,,,
443,开,to open,,,haːi⁴²,haːi⁴²,เปิด,poet,,,,,,TRUE,,,,,
444,关,to close,,,kwɛːn⁴²,kwɛːn⁴²,ปิด,pit,,,,,,TRUE,,,,,
445,跑,to run,lenh,,"tiːu⁴⁴, puət⁴⁴",puət⁵⁵,วิ่ง,wing,,,,,,TRUE,,,,,
446,骑,to ride,,,kwei³¹,kɯei²⁴,ขี่,khi,,,,,,TRUE,,,,,
447,爬,to crawl,,,ɹuən²³¹,ɹuən²³¹,คลาน,khlan,,,,,,TRUE,,,,,
448,攀,to climb (a tree),,,pɪn⁴²,pɪn⁴²,ปีน,pin,,,,,,TRUE,,,,,
449,跳,to jump,,,tiːu⁴⁴,tiːu⁴⁴,กระโดด,kradot,,,,,,TRUE,,,,,
450,踢,to kick,,,tiək⁴⁴,tiek⁵⁵,เตะ,te,,,,,,TRUE,,,,,
451,跳舞,to dance,,,tɛːu²⁴ ʔu⁴⁵³,tɛːu²⁴ ʔu⁴²,เต้นรำ,tenram,,,,,,TRUE,,,,,
452,抱,to embrace,,,kɔət⁴⁴,kɔət⁵⁵,กอด,kot,,,,,,TRUE,,,,,
453,弯（腰）,to bend (down),,,kɔm²⁴,ŋɔːm⁵⁵³,ก้ม,kom,,,,,,TRUE,,,,,
454,跪,to kneel,,,kwei³¹,kwi²⁴,คุกเข่า,khukkhao,,,,,,TRUE,,,,,
455,挑,to carry (on a pole),,,ɹaːp⁴⁴,ɹaːp⁵⁵,หาบ,ap,,,,,,TRUE,,,,,
456,抬,to lift,,,ɹɔːm⁴²,ɹaːm⁴²,ยก,yok,,,,,,TRUE,,,,,
457,去,to go,bae,,pɜi⁴²,pɜi⁴²,ไป,pai,,,,,,TRUE,,,,,
458,进,to enter,,,hɐu⁴⁵³,hɐu⁵⁵³,เข้า,khao,,,,,,TRUE,,,,,
459,出,to go out,,,ʔɔɜk⁴⁴,ʔɔɜk⁵⁵,ออก,ok,,,,,,TRUE,,,,,
460,回,to return,,,taːu⁴⁴,taːu⁴⁴,กลับ,klap,,,,,,TRUE,,,,,
461,做工,to do work,,,hɔəŋ⁴² ku²⁴,hɔɜŋ⁴² ku²³,ทำงาน,thamngan,,,,,,TRUE,,,,,
462,做,to do,,,ku³¹,ku²⁴,ทำ,tham,,,,,,TRUE,,,,,
463,买,to buy,,,ɕəɯ²⁴,ɕɯ³⁴⁴,ซื้อ,sue,,,,,,TRUE,,,,,
464,卖,to sell,,,kaːi⁴²,kaːi⁴²,ขาย,khai,,,,,,TRUE,,,,,
465,偷,to steal,,,ɕɐk³⁴,ɕak²³,ขโมย,khamoi,,,,,,TRUE,,,,,
466,交（税）,to pay (taxes),,,cjiːu³¹,cjiu⁴²,เสียภาษี,siaphasi,,,,,,TRUE,,,,,
467,捆,to tie up,,,ɕʊk³⁴,ɕʊk²³,มัด,mat,,,,,,TRUE,,,,,
468,拴,to tether,,,"laːm³¹, taːu²³¹",laːm²⁴,ล่าม,lam,,,,,,TRUE,,,,,
469,解,to untie,,,kɛ⁴⁵³,kɛ⁵⁵³,แก้,kae,,,,,,TRUE,,,,,
470,炒,to fry,,,ɕaːu³¹,ɕaːu⁵⁵³,ผัด,phat,,,,,,TRUE,,,,,
471,蒸,to steam,,,nɐŋ⁴⁵³,naŋ⁵⁵³,นึ่ง,nueng,,,,,,TRUE,,,,,
472,煮,to boil,,,ɕəɯ⁴⁵³,ɕɯ⁵⁵³,ต้ม,tom,,,,,,TRUE,,,,,
473,熬（酒）,to boil (wine),,,ŋaːu²³¹,ŋaːu²³¹,ต้มเหล้า,tomela,,,,,,TRUE,,,,,
474,舂（米）,to pound (rice),,,tɐm⁴²,tɐm⁴²,ตำข้าว,tamkhao,,,,,,TRUE,,,,,
475,磨（米）,to mill (rice),,,mu³¹,mu²⁴,สีข้าว,sikhao,,,,,,TRUE,,,,,
476,织（布）,to weave,,,tɐm⁴⁵³,tɐm⁵⁵³,ทอ,tho,,,,,,TRUE,,,,,
477,缝,to sew,,,ȵɪp³⁴,ȵɪp²³,เย็บ,yep,TRUE,,,,,TRUE,,,,,
478,染,to dye,,,ȵʊm²⁴,ȵʊm³⁴⁴,ย้อม,yom,,,,,,TRUE,,,,,
479,穿,to wear,,,tɐn⁴⁵³,tɐn⁵⁵³,ใส่,sai,,,,,,TRUE,,,,,
480,脱,to take off,,,tuət⁴⁴,tuət⁵⁵,ถอด,thot,,,,,,TRUE,,,,,
481,放下,to put down,,,ɕoəŋ⁴⁴,ɕuɔŋ⁴⁴,วางลง,wangalong,,,,,,TRUE,,,,,
482,晾（衣服）,to dry (clothes),,,taːk⁴⁴,taːk⁵⁵,ตากผ้า,takpha,TRUE,,,,,TRUE,,,,,
483,晒,to dry (in the sun),,,taːk⁴⁴,taːk⁵⁵,ตากแดด,takdaet,TRUE,,,,,TRUE,,,,,
484,割（草绳）,to cut (rope),,,ɹɐt³⁴,ɹɐt²³,ตัด,tat,,,,,,TRUE,,,,,
485,割（草）,to cut (grass),,,kwɛ⁴⁵³,kwɛ⁵⁵³,ตัดหญ้า,tatya,,,,,,TRUE,,,,,
486,掐，捏,"to squeeze, pinch (with fingers)",,,(ȵɐp⁵⁵),ȵɐn⁵⁵³,หยิก,yik,TRUE,,,,,TRUE,,,,,
487,搓，拧,"to rub, twist",,,cjiət⁴⁴,θaːt⁵⁵,ถูบิด,thubit,TRUE,,,,,TRUE,,,,,
488,剃,to shave,,,tɜi⁴⁴,tɜi⁴⁴,โกน,kon,,,,,,TRUE,,,,,
489,断,to break,,,pɔŋ⁴⁴,pjɔŋ⁴⁴,หัก,ak,,,,,,TRUE,,,,,
490,熄（火）,to put out,,,ʔdɐp⁵⁵,lɐm²³¹,ดับไฟ,dapfai,,,,,,TRUE,,,,,
491,熄（灯）,to put out (a light),,,ʔdɐp⁵⁵,ʔdɐp⁵⁵,ดับไฟ,dapfai,,,,,,TRUE,,,,,
492,埋,to bury,,,mɔk⁵⁵,mɔk⁵⁵,ฝัง,fang,,,,,,TRUE,,,,,
493,挑选,to select,,,tiːu⁴²,θɛːn⁵⁵³,เลือก,lueak,,,,,,TRUE,,,,,
494,沉,to sink,,,ɕɐm⁴²,ɕɐm⁴²,จม,chom,,,,,,TRUE,,,,,
495,想要,to want,,,ʔɐu⁴²,ʔɐu⁴²,อยาก,yak,,,,,,TRUE,,,,,
496,有,to have,,,mei²³¹,mi²³¹,มี,mi,,,,,,TRUE,,,,,
497,发抖,to tremble,,,θɐn⁴⁴,θɐn²³¹,สั่น,san,,,,,,TRUE,,,,,
498,隐藏,to hide,,,ɕɐu⁴²,ɕɐu⁴²,ซ่อน,son,,,,,,TRUE,,,,,
499,隐瞒,"to hide, keep secret",,,muən²³¹,muən²³¹,ปิดบัง,pitbang,,,,,,TRUE,,,,,
500,算,to count,,,θɔ⁴⁴,kɛ⁴⁴,นับ,nap,TRUE,,,,,TRUE,,,,,
501,做梦,to dream,,,faːŋ³¹ ʔən²³¹,hɯn²³ lɔ⁴⁴,ฝัน,fan,,,,,,TRUE,,,,,
502,忘,to forget,,,lʊm²³¹,lʊm²³¹,ลืม,luem,,,,,,TRUE,,,,,
503,听见,to hear,,,ʔdɜi⁴⁴ ŋi³¹,ʔdei⁵⁵ ŋi⁵⁵³,ได้ยิน,dain,TRUE,,,,,TRUE,,,,,
504,爱,to love,,,cjɜi²³¹,cjei²³¹,รัก,rak,,,,,,TRUE,,,,,
505,射,to shoot,,,ŋɪŋ²³¹,ŋɪŋ²³¹,ยิง,ying,,,,,,TRUE,,,,,
506,长,to grow,,,ʔdɐm⁴²,ʔdɐm⁴²,โต,to,,,,,,TRUE,,,,,
507,结果,to bear (fruit),,,cjiət⁴⁴,cjiət⁵⁵,ออกผล,okpn,,,,,,TRUE,,,,,
508,洗（河里）,to wash (in the river),,,ɕɐm²⁴ θɯei⁴⁴,ɕɐm³⁴⁴ θuːi⁴³,ล้างในแม่น้ำ,langnaimaenam,TRUE,,,,,TRUE,,,,,
509,还没,not yet,,,ʔdi⁴⁴ ɕɐŋ²³¹,ɕaŋ²³¹,ยังไม่,yangmai,,,,,,,TRUE,,,,
510,是,to be,,,θei³¹ tɯk²³,θëi³¹ tɯk²²,เป็น,pen,,,,,,TRUE,,,,,
511,把（刀的量词）,measure (word for a knife),,,faːk²¹,faːk²⁴,เล่ม,lem,,,,,,,,,TRUE,,